Firstname,Lastname
john,dimply
stacey,mcgougal
john,william
oliver,barkham
emma,stone
ava,johnson
sophia,martin
liam,smith
noah,brown
elijah,jones
olivia,taylor
amelia,white
charlotte,walker
isabella,hall
mason,thomas
lucas,robinson
ethan,young
logan,king
harper,lee
mia,clark
zoe,harris
michael,davis
jacob,wright
benjamin,moore
henry,wood
james,morris
alexander,hughes
daniel,cooper
sebastian,ward
jack,cox
ryan,bell
andrew,gray
caleb,turner
levi,cook
mateo,scott
nathan,patterson
dylan,russell
samuel,hughes
grace,foster
chloe,richardson
lily,perry
hannah,henderson
ella,butler
elizabeth,bailey
sofia,adams
victoria,howard
scarlett,bennett
madison,kelly
aiden,powell
carter,long
grayson,peterson
wyatt,barnes
ezra,coleman
julian,myers
emma,hart
lucy,mills
ellie,reed
zoey,ross
nora,parker
hazel,morgan
aria,james
eva,bailey
audrey,watson
violet,griffin
amelie,harrison
stella,murphy
leo,price
oscar,cooper
theodore,evans
aaron,phillips
nathaniel,ward
adam,richards
caroline,turner
savannah,campbell
samantha,roberts
lillian,carter
melanie,miller
penelope,edwards
lydia,henderson
evelyn,howard
abigail,ward
serenity,morris
kennedy,thompson
leah,sullivan
aria,brooks
ariah,parsons
danielle,wells
parker,cole
paxton,jordan
joseph,powell
miles,sanders
nina,fox
aurora,cruz
adeline,mitchell
ruby,carpenter
hudson,palmer
elias,roberts
isaac,owens
asher,hayes
albie,mailer
johnny,boulder